<desktopflowbinary desktopflowbinaryid="7c195df7-bc24-f011-8c4d-000d3a68c732">
  <data mimetype="application/json">ImageRepository_30e7f6f3-9b48-42ba-910c-9bf278224c14.json</data>
  <iscustomizable>1</iscustomizable>
  <name>Desktop flow images</name>
  <process>
    <workflowid>6a195df7-bc24-f011-8c4d-000d3a68c732</workflowid>
  </process>
  <reference>imageRepo.imgrepo</reference>
  <statecode>0</statecode>
  <statuscode>1</statuscode>
  <type>ImageRepository</type>
</desktopflowbinary>