<desktopflowbinary desktopflowbinaryid="bd0ae2c1-a625-f011-8c4d-000d3a68c732">
  <data mimetype="application/octet-stream">ControlRepositoryImageFile_64423d07-3695-401c-a46e-a4794cf78713.png</data>
  <iscustomizable>1</iscustomizable>
  <name>Desktop flow ui element screenshot</name>
  <process>
    <workflowid>9b0ae2c1-a625-f011-8c4d-000d3a68c732</workflowid>
  </process>
  <reference>controlRepo-screenshots\d0f4df01-ad7c-4a4d-bd83-7b42bf91faba.png</reference>
  <statecode>0</statecode>
  <statuscode>1</statuscode>
  <type>ControlRepositoryImageFile</type>
</desktopflowbinary>