<desktopflowbinary desktopflowbinaryid="1065765b-507a-4f6b-a393-3458a46456cc">
  <data mimetype="application/json">ControlRepository_7da17c3f-596e-4a4e-93c3-da533ac42e5d.json</data>
  <iscustomizable>1</iscustomizable>
  <metadata>{}</metadata>
  <mimetype>application/json</mimetype>
  <name>Desktop flow ui elements</name>
  <process>
    <workflowid>1bcf6005-0e90-4efb-a4e0-fd108050778c</workflowid>
  </process>
  <reference>controlRepo.appmask</reference>
  <statecode>0</statecode>
  <statuscode>1</statuscode>
  <type>ControlRepository</type>
</desktopflowbinary>