<desktopflowbinary desktopflowbinaryid="752fd5e1-ba00-f011-bae3-000d3ab5c6c0">
  <data mimetype="application/json">ImageRepository_2f91fe61-8051-4aca-83e3-d605b0fefb6f.json</data>
  <iscustomizable>1</iscustomizable>
  <name>Desktop flow images</name>
  <process>
    <workflowid>462fd5e1-ba00-f011-bae3-000d3ab5c6c0</workflowid>
  </process>
  <reference>imageRepo.imgrepo</reference>
  <statecode>0</statecode>
  <statuscode>1</statuscode>
  <type>ImageRepository</type>
</desktopflowbinary>