<desktopflowbinary desktopflowbinaryid="a50ae2c1-a625-f011-8c4d-000d3a68c732">
  <data mimetype="application/json">DependenciesFile_4aa5e4a2-cf25-489f-8b6e-247f0285dd0d.json</data>
  <iscustomizable>1</iscustomizable>
  <name>Desktop flow dependencies file</name>
  <process>
    <workflowid>9b0ae2c1-a625-f011-8c4d-000d3a68c732</workflowid>
  </process>
  <reference>flow.dependencies</reference>
  <statecode>0</statecode>
  <statuscode>1</statuscode>
  <type>DependenciesFile</type>
</desktopflowbinary>