<desktopflowbinary desktopflowbinaryid="a6642d3e-cc97-4977-8525-e5d4af25d64e">
  <data mimetype="application/json">DependenciesFile_ff6d71ba-aacc-44e3-9c2a-f83c1e630673.json</data>
  <iscustomizable>1</iscustomizable>
  <metadata>{}</metadata>
  <mimetype>application/json</mimetype>
  <name>Desktop flow dependencies file</name>
  <process>
    <workflowid>1bcf6005-0e90-4efb-a4e0-fd108050778c</workflowid>
  </process>
  <reference>flow.dependencies</reference>
  <statecode>0</statecode>
  <statuscode>1</statuscode>
  <type>DependenciesFile</type>
</desktopflowbinary>