<desktopflowbinary desktopflowbinaryid="1660f754-c804-f011-bae3-000d3a68c732">
  <data mimetype="application/json">DependenciesFile_54569966-12e3-497d-a7e5-94691a97e4d1.json</data>
  <iscustomizable>1</iscustomizable>
  <name>Desktop flow dependencies file</name>
  <process>
    <workflowid>d05ff754-c804-f011-bae3-000d3a68c732</workflowid>
  </process>
  <reference>flow.dependencies</reference>
  <statecode>0</statecode>
  <statuscode>1</statuscode>
  <type>DependenciesFile</type>
</desktopflowbinary>