<desktopflowbinary desktopflowbinaryid="e9fc8203-fa04-f011-bae3-000d3ab5c6c0">
  <data mimetype="application/json">ConnectorDefinition_3c76b6be-8837-4d77-962b-29eb576b4017.json</data>
  <iscustomizable>1</iscustomizable>
  <name>Desktop flow connector definition</name>
  <process>
    <workflowid>b2fc8203-fa04-f011-bae3-000d3ab5c6c0</workflowid>
  </process>
  <reference>/providers/Microsoft.PowerApps/apis/shared_sharepointonline</reference>
  <statecode>0</statecode>
  <statuscode>1</statuscode>
  <type>ConnectorDefinition</type>
</desktopflowbinary>