{
  "properties": {
    "connectionReferences": {
      "shared_office365": {
        "runtimeSource": "embedded",
        "connection": {
          "connectionReferenceLogicalName": "export_sharedoffice365_0cf54"
        },
        "api": {
          "name": "shared_office365"
        }
      },
      "shared_uiflow": {
        "runtimeSource": "embedded",
        "connection": {
          "connectionReferenceLogicalName": "export_shareduiflow_4e1e7"
        },
        "api": {
          "name": "shared_uiflow"
        }
      }
    },
    "definition": {
      "$schema": "https://schema.management.azure.com/providers/Microsoft.Logic/schemas/2016-06-01/workflowdefinition.json#",
      "contentVersion": "1.0.0.0",
      "parameters": {
        "$authentication": {
          "defaultValue": {},
          "type": "SecureObject"
        },
        "$connections": {
          "defaultValue": {},
          "type": "Object"
        }
      },
      "triggers": {
        "When_a_new_email_arrives_in_a_shared_mailbox_(V2)": {
          "recurrence": {
            "frequency": "Minute",
            "interval": 1
          },
          "splitOn": "@triggerOutputs()?['body/value']",
          "metadata": {
            "operationMetadataId": "1a958648-73e3-4dcc-95cf-e5103476c688"
          },
          "type": "OpenApiConnection",
          "inputs": {
            "parameters": {
              "mailboxAddress": "rpabot_05@gemseducation.com",
              "to": "rpabot_05@Gemseducation.com",
              "from": "Gayathri.Sreevalsan@Gemseducation.com",
              "importance": "Any",
              "hasAttachments": true,
              "includeAttachments": true,
              "folderId": "Inbox"
            },
            "host": {
              "apiId": "/providers/Microsoft.PowerApps/apis/shared_office365",
              "connectionName": "shared_office365",
              "operationId": "SharedMailboxOnNewEmailV2"
            },
            "authentication": "@parameters('$authentication')"
          }
        }
      },
      "actions": {
        "FromMailID": {
          "runAfter": {},
          "metadata": {
            "operationMetadataId": "964c9876-dc52-4d5a-b9cb-0a0625034c11"
          },
          "type": "Compose",
          "inputs": "@triggerOutputs()?['body/from']"
        },
        "Subject": {
          "runAfter": {
            "FromMailID": [
              "Succeeded"
            ]
          },
          "metadata": {
            "operationMetadataId": "c02592cc-eed5-42f5-b41b-c4ba640421e9"
          },
          "type": "Compose",
          "inputs": "@triggerOutputs()?['body/subject']"
        },
        "Run_a_flow_built_with_Power_Automate_for_desktop": {
          "runAfter": {
            "Subject": [
              "Succeeded"
            ]
          },
          "metadata": {
            "operationMetadataId": "90160926-63e7-44b7-9f1d-88cc86b73a1b"
          },
          "type": "OpenApiConnection",
          "inputs": {
            "parameters": {
              "uiFlowId": "1bcf6005-0e90-4efb-a4e0-fd108050778c",
              "runMode": "unattended",
              "item/FromMail": "@outputs('FromMailID')",
              "item/FromSubject": "@outputs('Subject')",
              "x-ms-flow-trusted-access": true
            },
            "host": {
              "apiId": "/providers/Microsoft.PowerApps/apis/shared_uiflow",
              "connectionName": "shared_uiflow",
              "operationId": "RunUIFlow_V2"
            },
            "authentication": "@parameters('$authentication')"
          }
        }
      },
      "outputs": {}
    },
    "templateName": null
  },
  "schemaVersion": "1.0.0.0"
}