<desktopflowbinary desktopflowbinaryid="9860f754-c804-f011-bae3-000d3a68c732">
  <data mimetype="application/octet-stream">ControlRepositoryImageFile_b735a842-fb29-4dfc-a2a4-d5215730850e.png</data>
  <iscustomizable>1</iscustomizable>
  <name>Desktop flow ui element screenshot</name>
  <process>
    <workflowid>d05ff754-c804-f011-bae3-000d3a68c732</workflowid>
  </process>
  <reference>controlRepo-screenshots\1d924f9d-56b9-4f6c-b332-10612a88f8c2.png</reference>
  <statecode>0</statecode>
  <statuscode>1</statuscode>
  <type>ControlRepositoryImageFile</type>
</desktopflowbinary>