<desktopflowbinary desktopflowbinaryid="b30ae2c1-a625-f011-8c4d-000d3a68c732">
  <data mimetype="application/octet-stream">ControlRepositoryImageFile_cc3a5f4c-5f20-49ee-bbf5-19adbd92e384.png</data>
  <iscustomizable>1</iscustomizable>
  <name>Desktop flow ui element screenshot</name>
  <process>
    <workflowid>9b0ae2c1-a625-f011-8c4d-000d3a68c732</workflowid>
  </process>
  <reference>controlRepo-screenshots\990266fd-9b6b-43d5-89f1-cce1ea0a5abb.png</reference>
  <statecode>0</statecode>
  <statuscode>1</statuscode>
  <type>ControlRepositoryImageFile</type>
</desktopflowbinary>