<desktopflowbinary desktopflowbinaryid="4860f754-c804-f011-bae3-000d3a68c732">
  <data mimetype="application/json">ManifestFile_4860f754-c804-f011-bae3-000d3a68c732.json</data>
  <iscustomizable>1</iscustomizable>
  <name>Desktop flow manifest file</name>
  <process>
    <workflowid>d05ff754-c804-f011-bae3-000d3a68c732</workflowid>
  </process>
  <reference>flow.manifest</reference>
  <statecode>0</statecode>
  <statuscode>1</statuscode>
  <type>ManifestFile</type>
</desktopflowbinary>