<desktopflowbinary desktopflowbinaryid="823b3c40-b1d4-4122-af71-0476b3a88840">
  <data mimetype="image/png">ControlRepositoryImageFile_823b3c40-b1d4-4122-af71-0476b3a88840.png</data>
  <iscustomizable>1</iscustomizable>
  <metadata>{}</metadata>
  <mimetype>image/png</mimetype>
  <name>Desktop flow ui element screenshot</name>
  <process>
    <workflowid>b2fc8203-fa04-f011-bae3-000d3ab5c6c0</workflowid>
  </process>
  <reference>controlRepo-screenshots\b240812d-77d0-40d4-bcd2-e55155db8063.png</reference>
  <statecode>0</statecode>
  <statuscode>1</statuscode>
  <type>ControlRepositoryImageFile</type>
</desktopflowbinary>