{
  "Screens": [
    {
      "Controls": [
        {
          "AutomationProtocol": "uia3",
          "ScreenShot": null,
          "ElementTypeName": "Tree Item",
          "InstanceId": "631dc17e-5b1a-480e-92f9-aa343144e3cb",
          "Name": "Tree Item 'Inbox: 136 unread messages'",
          "SelectorCount": 1,
          "Selectors": [
            {
              "CustomSelector": null,
              "Elements": [
                {
                  "Attributes": [
                    {
                      "Ignore": false,
                      "IsOrdinal": false,
                      "IsDisabledAttribute": false,
                      "Name": "Class",
                      "Operation": "EqualTo",
                      "Value": "NetUINativeHWNDHost"
                    },
                    {
                      "Ignore": true,
                      "IsOrdinal": false,
                      "IsDisabledAttribute": false,
                      "Name": "Enabled",
                      "Operation": "EqualTo",
                      "Value": true
                    },
                    {
                      "Ignore": true,
                      "IsOrdinal": false,
                      "IsDisabledAttribute": false,
                      "Name": "Id",
                      "Operation": "EqualTo",
                      "Value": "103"
                    },
                    {
                      "Ignore": false,
                      "IsOrdinal": false,
                      "IsDisabledAttribute": false,
                      "Name": "Name",
                      "Operation": "EqualTo",
                      "Value": "NUIDocumentWindow"
                    },
                    {
                      "Ignore": true,
                      "IsOrdinal": true,
                      "IsDisabledAttribute": false,
                      "Name": "Ordinal",
                      "Operation": "EqualTo",
                      "Value": 0
                    },
                    {
                      "Ignore": true,
                      "IsOrdinal": false,
                      "IsDisabledAttribute": false,
                      "Name": "Process",
                      "Operation": "EqualTo",
                      "Value": "OUTLOOK"
                    },
                    {
                      "Ignore": true,
                      "IsOrdinal": false,
                      "IsDisabledAttribute": false,
                      "Name": "Visible",
                      "Operation": "EqualTo",
                      "Value": true
                    }
                  ],
                  "CustomValue": null,
                  "Ignore": true,
                  "Name": "Pane 'NUIDocumentWindow'",
                  "Tag": "pane"
                },
                {
                  "Attributes": [
                    {
                      "Ignore": false,
                      "IsOrdinal": false,
                      "IsDisabledAttribute": false,
                      "Name": "Class",
                      "Operation": "EqualTo",
                      "Value": "NetUIHWNDElement"
                    },
                    {
                      "Ignore": true,
                      "IsOrdinal": false,
                      "IsDisabledAttribute": false,
                      "Name": "Enabled",
                      "Operation": "EqualTo",
                      "Value": true
                    },
                    {
                      "Ignore": true,
                      "IsOrdinal": false,
                      "IsDisabledAttribute": false,
                      "Name": "Id",
                      "Operation": "EqualTo",
                      "Value": ""
                    },
                    {
                      "Ignore": true,
                      "IsOrdinal": false,
                      "IsDisabledAttribute": false,
                      "Name": "Name",
                      "Operation": "EqualTo",
                      "Value": ""
                    },
                    {
                      "Ignore": true,
                      "IsOrdinal": true,
                      "IsDisabledAttribute": false,
                      "Name": "Ordinal",
                      "Operation": "EqualTo",
                      "Value": 0
                    },
                    {
                      "Ignore": true,
                      "IsOrdinal": false,
                      "IsDisabledAttribute": false,
                      "Name": "Process",
                      "Operation": "EqualTo",
                      "Value": "OUTLOOK"
                    },
                    {
                      "Ignore": true,
                      "IsOrdinal": false,
                      "IsDisabledAttribute": false,
                      "Name": "Visible",
                      "Operation": "EqualTo",
                      "Value": true
                    }
                  ],
                  "CustomValue": null,
                  "Ignore": true,
                  "Name": "Pane 'NetUIHWNDElement'",
                  "Tag": "pane"
                },
                {
                  "Attributes": [
                    {
                      "Ignore": false,
                      "IsOrdinal": false,
                      "IsDisabledAttribute": false,
                      "Name": "Class",
                      "Operation": "EqualTo",
                      "Value": "NetUINetUI"
                    },
                    {
                      "Ignore": true,
                      "IsOrdinal": false,
                      "IsDisabledAttribute": false,
                      "Name": "Enabled",
                      "Operation": "EqualTo",
                      "Value": true
                    },
                    {
                      "Ignore": true,
                      "IsOrdinal": false,
                      "IsDisabledAttribute": false,
                      "Name": "Id",
                      "Operation": "EqualTo",
                      "Value": ""
                    },
                    {
                      "Ignore": true,
                      "IsOrdinal": false,
                      "IsDisabledAttribute": false,
                      "Name": "Name",
                      "Operation": "EqualTo",
                      "Value": ""
                    },
                    {
                      "Ignore": true,
                      "IsOrdinal": true,
                      "IsDisabledAttribute": false,
                      "Name": "Ordinal",
                      "Operation": "EqualTo",
                      "Value": 0
                    },
                    {
                      "Ignore": true,
                      "IsOrdinal": false,
                      "IsDisabledAttribute": false,
                      "Name": "Visible",
                      "Operation": "EqualTo",
                      "Value": true
                    }
                  ],
                  "CustomValue": null,
                  "Ignore": true,
                  "Name": "UI Custom 'NetUINetUI'",
                  "Tag": "custom"
                },
                {
                  "Attributes": [
                    {
                      "Ignore": false,
                      "IsOrdinal": false,
                      "IsDisabledAttribute": false,
                      "Name": "Class",
                      "Operation": "EqualTo",
                      "Value": "NetUIScrollViewer"
                    },
                    {
                      "Ignore": true,
                      "IsOrdinal": false,
                      "IsDisabledAttribute": false,
                      "Name": "Enabled",
                      "Operation": "EqualTo",
                      "Value": true
                    },
                    {
                      "Ignore": true,
                      "IsOrdinal": false,
                      "IsDisabledAttribute": false,
                      "Name": "Id",
                      "Operation": "EqualTo",
                      "Value": ""
                    },
                    {
                      "Ignore": true,
                      "IsOrdinal": false,
                      "IsDisabledAttribute": false,
                      "Name": "Name",
                      "Operation": "EqualTo",
                      "Value": ""
                    },
                    {
                      "Ignore": false,
                      "IsOrdinal": true,
                      "IsDisabledAttribute": false,
                      "Name": "Ordinal",
                      "Operation": "EqualTo",
                      "Value": 1
                    },
                    {
                      "Ignore": true,
                      "IsOrdinal": false,
                      "IsDisabledAttribute": false,
                      "Name": "Process",
                      "Operation": "EqualTo",
                      "Value": "OUTLOOK"
                    },
                    {
                      "Ignore": true,
                      "IsOrdinal": false,
                      "IsDisabledAttribute": false,
                      "Name": "Visible",
                      "Operation": "EqualTo",
                      "Value": true
                    }
                  ],
                  "CustomValue": null,
                  "Ignore": true,
                  "Name": "Pane 'NetUIScrollViewer'",
                  "Tag": "pane"
                },
                {
                  "Attributes": [
                    {
                      "Ignore": false,
                      "IsOrdinal": false,
                      "IsDisabledAttribute": false,
                      "Name": "Class",
                      "Operation": "EqualTo",
                      "Value": "NetUITreeView"
                    },
                    {
                      "Ignore": true,
                      "IsOrdinal": false,
                      "IsDisabledAttribute": false,
                      "Name": "Enabled",
                      "Operation": "EqualTo",
                      "Value": true
                    },
                    {
                      "Ignore": true,
                      "IsOrdinal": false,
                      "IsDisabledAttribute": false,
                      "Name": "Id",
                      "Operation": "EqualTo",
                      "Value": ""
                    },
                    {
                      "Ignore": false,
                      "IsOrdinal": false,
                      "IsDisabledAttribute": false,
                      "Name": "Name",
                      "Operation": "EqualTo",
                      "Value": "Mail Folders"
                    },
                    {
                      "Ignore": true,
                      "IsOrdinal": true,
                      "IsDisabledAttribute": false,
                      "Name": "Ordinal",
                      "Operation": "EqualTo",
                      "Value": 0
                    },
                    {
                      "Ignore": true,
                      "IsOrdinal": false,
                      "IsDisabledAttribute": false,
                      "Name": "Visible",
                      "Operation": "EqualTo",
                      "Value": true
                    }
                  ],
                  "CustomValue": null,
                  "Ignore": true,
                  "Name": "Tree 'Mail Folders'",
                  "Tag": "tree"
                },
                {
                  "Attributes": [
                    {
                      "Ignore": true,
                      "IsOrdinal": false,
                      "IsDisabledAttribute": false,
                      "Name": "Class",
                      "Operation": "EqualTo",
                      "Value": "NetUIWBTreeDisplayNode"
                    },
                    {
                      "Ignore": true,
                      "IsOrdinal": false,
                      "IsDisabledAttribute": false,
                      "Name": "Enabled",
                      "Operation": "EqualTo",
                      "Value": true
                    },
                    {
                      "Ignore": true,
                      "IsOrdinal": false,
                      "IsDisabledAttribute": false,
                      "Name": "Expanded",
                      "Operation": "EqualTo",
                      "Value": true
                    },
                    {
                      "Ignore": true,
                      "IsOrdinal": false,
                      "IsDisabledAttribute": false,
                      "Name": "Id",
                      "Operation": "EqualTo",
                      "Value": ""
                    },
                    {
                      "Ignore": false,
                      "IsOrdinal": false,
                      "IsDisabledAttribute": false,
                      "Name": "Name",
                      "Operation": "EqualTo",
                      "Value": "rpabot_05@Gemseducation.com"
                    },
                    {
                      "Ignore": true,
                      "IsOrdinal": true,
                      "IsDisabledAttribute": false,
                      "Name": "Ordinal",
                      "Operation": "EqualTo",
                      "Value": 0
                    },
                    {
                      "Ignore": true,
                      "IsOrdinal": false,
                      "IsDisabledAttribute": false,
                      "Name": "Selected",
                      "Operation": "EqualTo",
                      "Value": false
                    },
                    {
                      "Ignore": true,
                      "IsOrdinal": false,
                      "IsDisabledAttribute": false,
                      "Name": "Visible",
                      "Operation": "EqualTo",
                      "Value": true
                    }
                  ],
                  "CustomValue": null,
                  "Ignore": true,
                  "Name": "Tree Item 'rpabot_05@Gemseducation.com'",
                  "Tag": "treeitem"
                },
                {
                  "Attributes": [
                    {
                      "Ignore": false,
                      "IsOrdinal": false,
                      "IsDisabledAttribute": false,
                      "Name": "Class",
                      "Operation": "EqualTo",
                      "Value": "NetUIWBTreeDisplayNode"
                    },
                    {
                      "Ignore": true,
                      "IsOrdinal": false,
                      "IsDisabledAttribute": false,
                      "Name": "Enabled",
                      "Operation": "EqualTo",
                      "Value": true
                    },
                    {
                      "Ignore": true,
                      "IsOrdinal": false,
                      "IsDisabledAttribute": false,
                      "Name": "Expanded",
                      "Operation": "EqualTo",
                      "Value": false
                    },
                    {
                      "Ignore": true,
                      "IsOrdinal": false,
                      "IsDisabledAttribute": false,
                      "Name": "Id",
                      "Operation": "EqualTo",
                      "Value": ""
                    },
                    {
                      "Ignore": false,
                      "IsOrdinal": false,
                      "IsDisabledAttribute": false,
                      "Name": "Name",
                      "Operation": "StartsWith",
                      "Value": "Inbox:"
                    },
                    {
                      "Ignore": true,
                      "IsOrdinal": true,
                      "IsDisabledAttribute": false,
                      "Name": "Ordinal",
                      "Operation": "EqualTo",
                      "Value": 0
                    },
                    {
                      "Ignore": true,
                      "IsOrdinal": false,
                      "IsDisabledAttribute": false,
                      "Name": "Selected",
                      "Operation": "EqualTo",
                      "Value": true
                    },
                    {
                      "Ignore": true,
                      "IsOrdinal": false,
                      "IsDisabledAttribute": false,
                      "Name": "Visible",
                      "Operation": "EqualTo",
                      "Value": true
                    }
                  ],
                  "CustomValue": null,
                  "Ignore": false,
                  "Name": "Tree Item 'Inbox: 136 unread messages'",
                  "Tag": "treeitem"
                }
              ],
              "Ignore": false,
              "ImageSelector": null,
              "IsCustom": false,
              "IsImageBased": false,
              "IsPlaceholderSelector": false,
              "IsWindowsInstance": false,
              "Name": "Default Selector",
              "Properties": []
            }
          ],
          "Tag": "treeitem",
          "ScreenshotPath": "controlRepo-screenshots\\d657ad83-46bb-43b1-9fee-55da0aada4b9.png"
        }
      ],
      "Handle": {
        "value": 0
      },
      "ProcessName": null,
      "ScreenShot": null,
      "ElementTypeName": "Window",
      "InstanceId": "58b60b34-8ee1-4c35-9099-42cf8b70b325",
      "Name": "Window 'Inbox - rpabot_05@Gemseducation.com - Outlook'",
      "SelectorCount": 1,
      "Selectors": [
        {
          "CustomSelector": null,
          "Elements": [
            {
              "Attributes": [
                {
                  "Ignore": true,
                  "IsOrdinal": false,
                  "IsDisabledAttribute": false,
                  "Name": "Class",
                  "Operation": "EqualTo",
                  "Value": "rctrl_renwnd32"
                },
                {
                  "Ignore": true,
                  "IsOrdinal": false,
                  "IsDisabledAttribute": false,
                  "Name": "Enabled",
                  "Operation": "EqualTo",
                  "Value": true
                },
                {
                  "Ignore": true,
                  "IsOrdinal": false,
                  "IsDisabledAttribute": false,
                  "Name": "Id",
                  "Operation": "EqualTo",
                  "Value": ""
                },
                {
                  "Ignore": false,
                  "IsOrdinal": false,
                  "IsDisabledAttribute": false,
                  "Name": "Name",
                  "Operation": "EqualTo",
                  "Value": "Inbox - rpabot_05@Gemseducation.com - Outlook"
                },
                {
                  "Ignore": true,
                  "IsOrdinal": true,
                  "IsDisabledAttribute": false,
                  "Name": "Ordinal",
                  "Operation": "EqualTo",
                  "Value": 0
                },
                {
                  "Ignore": false,
                  "IsOrdinal": false,
                  "IsDisabledAttribute": false,
                  "Name": "Process",
                  "Operation": "EqualTo",
                  "Value": "OUTLOOK"
                },
                {
                  "Ignore": true,
                  "IsOrdinal": false,
                  "IsDisabledAttribute": false,
                  "Name": "Visible",
                  "Operation": "EqualTo",
                  "Value": true
                }
              ],
              "CustomValue": null,
              "Ignore": false,
              "Name": "Window 'Inbox - rpabot_05@Gemseducation.com - Outlook'",
              "Tag": "window"
            }
          ],
          "Ignore": false,
          "ImageSelector": null,
          "IsCustom": false,
          "IsImageBased": false,
          "IsPlaceholderSelector": false,
          "IsWindowsInstance": false,
          "Name": "Default Selector",
          "Properties": []
        }
      ],
      "Tag": "window",
      "ScreenshotPath": "controlRepo-screenshots\\e5865392-20af-4ec2-a71f-c98b45f92ef7.png"
    }
  ],
  "Version": 1
}