<desktopflowbinary desktopflowbinaryid="a90ae2c1-a625-f011-8c4d-000d3a68c732">
  <data mimetype="application/json">ManifestFile_a90ae2c1-a625-f011-8c4d-000d3a68c732.json</data>
  <iscustomizable>1</iscustomizable>
  <name>Desktop flow manifest file</name>
  <process>
    <workflowid>9b0ae2c1-a625-f011-8c4d-000d3a68c732</workflowid>
  </process>
  <reference>flow.manifest</reference>
  <statecode>0</statecode>
  <statuscode>1</statuscode>
  <type>ManifestFile</type>
</desktopflowbinary>