<desktopflowbinary desktopflowbinaryid="1060f754-c804-f011-bae3-000d3a68c732">
  <data mimetype="application/json">ControlRepository_4b2358b4-06c9-4ef3-adea-4fea6a5ee3db.json</data>
  <iscustomizable>1</iscustomizable>
  <name>Desktop flow ui elements</name>
  <process>
    <workflowid>d05ff754-c804-f011-bae3-000d3a68c732</workflowid>
  </process>
  <reference>controlRepo.appmask</reference>
  <statecode>0</statecode>
  <statuscode>1</statuscode>
  <type>ControlRepository</type>
</desktopflowbinary>