<desktopflowbinary desktopflowbinaryid="7a195df7-bc24-f011-8c4d-000d3a68c732">
  <data mimetype="application/json">ConnectorDefinition_45ae1426-4b67-44f1-bf5a-16427b7cdfa1.json</data>
  <iscustomizable>1</iscustomizable>
  <name>Desktop flow connector definition</name>
  <process>
    <workflowid>6a195df7-bc24-f011-8c4d-000d3a68c732</workflowid>
  </process>
  <reference>/providers/Microsoft.PowerApps/apis/shared_sharepointonline</reference>
  <statecode>0</statecode>
  <statuscode>1</statuscode>
  <type>ConnectorDefinition</type>
</desktopflowbinary>