<desktopflowbinary desktopflowbinaryid="76195df7-bc24-f011-8c4d-000d3a68c732">
  <data mimetype="application/json">ControlRepository_d493907e-ff87-45ab-a527-8b8b6d619ce1.json</data>
  <iscustomizable>1</iscustomizable>
  <name>Desktop flow ui elements</name>
  <process>
    <workflowid>6a195df7-bc24-f011-8c4d-000d3a68c732</workflowid>
  </process>
  <reference>controlRepo.appmask</reference>
  <statecode>0</statecode>
  <statuscode>1</statuscode>
  <type>ControlRepository</type>
</desktopflowbinary>