<desktopflowbinary desktopflowbinaryid="6060f754-c804-f011-bae3-000d3a68c732">
  <data mimetype="application/octet-stream">ControlRepositoryImageFile_c698e3f3-4be7-42e7-93bc-088e5a47c554.png</data>
  <iscustomizable>1</iscustomizable>
  <name>Desktop flow ui element screenshot</name>
  <process>
    <workflowid>d05ff754-c804-f011-bae3-000d3a68c732</workflowid>
  </process>
  <reference>controlRepo-screenshots\470a2ea5-bb01-4ea7-8cda-255d2090c018.png</reference>
  <statecode>0</statecode>
  <statuscode>1</statuscode>
  <type>ControlRepositoryImageFile</type>
</desktopflowbinary>