<desktopflowbinary desktopflowbinaryid="e8565fc1-155d-48f4-821c-5146523cac4f">
  <data mimetype="application/json">ManifestFile_e8565fc1-155d-48f4-821c-5146523cac4f.json</data>
  <iscustomizable>1</iscustomizable>
  <metadata>{}</metadata>
  <mimetype>application/json</mimetype>
  <name>Desktop flow manifest file</name>
  <process>
    <workflowid>1bcf6005-0e90-4efb-a4e0-fd108050778c</workflowid>
  </process>
  <reference>flow.manifest</reference>
  <statecode>0</statecode>
  <statuscode>1</statuscode>
  <type>ManifestFile</type>
</desktopflowbinary>