{
  "ConnectorId": "/providers/Microsoft.PowerApps/apis/shared_sharepointonline",
  "Definition": {
    "Id": "/providers/Microsoft.PowerApps/apis/shared_sharepointonline",
    "Name": "shared_sharepointonline",
    "Properties": {
      "IsCustomApi": false,
      "Swagger": {
        "basePath": "/apim/sharepointonline",
        "definitions": {
          "SPBlobMetadataResponse": {
            "additionalProperties": null,
            "example": null,
            "properties": {
              "ItemId": {
                "additionalProperties": null,
                "example": null,
                "type": "integer",
                "default": null,
                "description": "The value that can be used to Get or Update file properties in libraries.",
                "format": "int64"
              },
              "Id": {
                "additionalProperties": null,
                "example": null,
                "type": "string",
                "default": null,
                "description": "The unique id of the file or folder."
              },
              "Name": {
                "additionalProperties": null,
                "example": null,
                "type": "string",
                "default": null,
                "description": "The name of the file or folder."
              },
              "DisplayName": {
                "additionalProperties": null,
                "example": null,
                "type": "string",
                "default": null,
                "description": "The display name of the file or folder."
              },
              "Path": {
                "additionalProperties": null,
                "example": null,
                "type": "string",
                "default": null,
                "description": "The path of the file or folder."
              },
              "LastModified": {
                "additionalProperties": null,
                "example": null,
                "type": "string",
                "default": null,
                "description": "The date and time the file or folder was last modified.",
                "format": "date-time"
              },
              "Size": {
                "additionalProperties": null,
                "example": null,
                "type": "integer",
                "default": null,
                "description": "The size of the file or folder.",
                "format": "int64"
              },
              "MediaType": {
                "additionalProperties": null,
                "example": null,
                "type": "string",
                "default": null,
                "description": "The media type of the file or folder."
              },
              "IsFolder": {
                "additionalProperties": null,
                "example": null,
                "type": "boolean",
                "default": null,
                "description": "A boolean value (true, false) to indicate whether or not the blob is a folder."
              },
              "ETag": {
                "additionalProperties": null,
                "example": null,
                "type": "string",
                "default": null,
                "description": "The etag of the file or folder."
              },
              "FileLocator": {
                "additionalProperties": null,
                "example": null,
                "type": "string",
                "default": null,
                "description": "The filelocator of the file or folder."
              }
            },
            "type": "object",
            "default": null,
            "description": "The SharePoint version of the BlobMetadataResponse extends the object by adding some additional fields that we want serialized"
          },
          "CreateNewFolderParameters": {
            "additionalProperties": null,
            "example": null,
            "properties": {
              "path": {
                "additionalProperties": null,
                "example": null,
                "type": "string",
                "default": null,
                "description": "Example: folder1/folder2/folder3",
                "x-ms-summary": "Folder Path"
              }
            },
            "required": [
              "path"
            ],
            "type": "object",
            "default": null,
            "description": "Body parameters for SharePoint Create New Folder operation"
          },
          "Item": {
            "additionalProperties": {
              "$ref": "#/definitions/Object"
            },
            "x-ms-dynamic-properties": {
              "itemValuePath": "Schema/Items",
              "operationId": "GetTable",
              "parameters": {
                "dataset": {
                  "parameterReference": "dataset",
                  "value": null
                },
                "table": {
                  "parameterReference": "table",
                  "value": null
                },
                "view": {
                  "parameterReference": "view",
                  "value": null
                }
              }
            },
            "example": null,
            "properties": {
              "dynamicProperties": {
                "additionalProperties": {
                  "$ref": "#/definitions/Object"
                },
                "example": null,
                "type": "object",
                "default": null
              }
            },
            "type": "object",
            "default": null,
            "description": "Table item entity"
          },
          "Object": {
            "additionalProperties": null,
            "example": null,
            "properties": {},
            "type": "object",
            "default": null
          }
        },
        "host": "europe-002.azure-apim.net",
        "info": {
          "title": "SharePoint",
          "version": "1.0"
        },
        "parameters": {},
        "paths": {
          "/{connectionId}/datasets/{dataset}/files": {
            "post": {
              "x-ms-capabilities": {
                "chunkTransfer": true
              },
              "consumes": [],
              "deprecated": false,
              "description": "Uploads a file to a SharePoint site. Make sure to pick an existing library.",
              "externalDocs": {
                "url": "https://docs.microsoft.com/connectors/sharepointonline/#create-file"
              },
              "operationId": "CreateFile",
              "parameters": [
                {
                  "in": "path",
                  "name": "connectionId",
                  "required": true,
                  "type": "string",
                  "default": null,
                  "x-ms-visibility": "internal"
                },
                {
                  "x-ms-dynamic-list": {
                    "itemsPath": "value",
                    "itemTitlePath": "DisplayName",
                    "itemValuePath": "Name",
                    "operationId": "GetDataSets",
                    "parameters": {}
                  },
                  "in": "path",
                  "name": "dataset",
                  "required": true,
                  "type": "string",
                  "default": null,
                  "description": "Example: https://contoso.sharepoint.com/sites/sitename.",
                  "x-ms-summary": "Site Address",
                  "x-ms-url-encoding": "double"
                },
                {
                  "x-ms-dynamic-tree": {
                    "browse": {
                      "itemFullTitlePath": "Path",
                      "itemIsParent": "(IsFolder eq true)",
                      "itemTitlePath": "DisplayName",
                      "itemValuePath": "Path",
                      "operationId": "ListFolder",
                      "parameters": {
                        "dataset": {
                          "parameterReference": "dataset",
                          "value": null
                        },
                        "id": {
                          "selectedItemValuePath": "Id",
                          "value": null
                        }
                      }
                    },
                    "open": {
                      "itemFullTitlePath": "Path",
                      "itemIsParent": "(IsFolder eq true)",
                      "itemTitlePath": "DisplayName",
                      "itemValuePath": "Path",
                      "operationId": "ListAllRootFolders",
                      "parameters": {
                        "dataset": {
                          "parameterReference": "dataset",
                          "value": null
                        }
                      }
                    },
                    "settings": {
                      "canSelectLeafNodes": false,
                      "canSelectParentNodes": true
                    }
                  },
                  "in": "query",
                  "name": "folderPath",
                  "required": true,
                  "type": "string",
                  "default": null,
                  "description": "Must start with an existing library. Add folders if needed.",
                  "x-ms-summary": "Folder Path"
                },
                {
                  "in": "query",
                  "name": "name",
                  "required": true,
                  "type": "string",
                  "default": null,
                  "description": "Name of the file.",
                  "x-ms-summary": "File Name"
                },
                {
                  "in": "body",
                  "name": "body",
                  "required": true,
                  "schema": {
                    "additionalProperties": null,
                    "example": null,
                    "type": "string",
                    "default": null,
                    "format": "binary"
                  },
                  "default": null,
                  "description": "Content of the file.",
                  "x-ms-summary": "File Content"
                },
                {
                  "in": "query",
                  "name": "queryParametersSingleEncoded",
                  "required": false,
                  "type": "boolean",
                  "default": true,
                  "x-ms-visibility": "internal"
                }
              ],
              "produces": [
                "application/json",
                "text/json",
                "application/xml",
                "text/xml"
              ],
              "responses": {
                "200": {
                  "description": "OK",
                  "schema": {
                    "additionalProperties": null,
                    "example": null,
                    "$ref": "#/definitions/SPBlobMetadataResponse",
                    "default": null
                  }
                },
                "default": {
                  "description": "Operation Failed."
                }
              },
              "summary": "Create file",
              "x-ms-visibility": "important"
            }
          },
          "/{connectionId}/datasets/{dataset}/tables/{table}/createnewfolder": {
            "post": {
              "consumes": [
                "application/json",
                "text/json",
                "application/xml",
                "text/xml",
                "application/x-www-form-urlencoded"
              ],
              "deprecated": false,
              "description": "Creates a new folder or folder path.",
              "externalDocs": {
                "url": "https://docs.microsoft.com/connectors/sharepointonline/#create-new-folder"
              },
              "operationId": "CreateNewFolder",
              "parameters": [
                {
                  "in": "path",
                  "name": "connectionId",
                  "required": true,
                  "type": "string",
                  "default": null,
                  "x-ms-visibility": "internal"
                },
                {
                  "x-ms-dynamic-list": {
                    "itemsPath": "value",
                    "itemTitlePath": "DisplayName",
                    "itemValuePath": "Name",
                    "operationId": "GetDataSets",
                    "parameters": {}
                  },
                  "in": "path",
                  "name": "dataset",
                  "required": true,
                  "type": "string",
                  "default": null,
                  "description": "Example: https://contoso.sharepoint.com/sites/sitename.",
                  "x-ms-summary": "Site Address",
                  "x-ms-url-encoding": "double"
                },
                {
                  "x-ms-dynamic-list": {
                    "itemsPath": "value",
                    "itemTitlePath": "DisplayName",
                    "itemValuePath": "Name",
                    "operationId": "GetTablesForListsAndLibraries",
                    "parameters": {
                      "dataset": {
                        "parameterReference": "dataset",
                        "value": null
                      }
                    }
                  },
                  "in": "path",
                  "name": "table",
                  "required": true,
                  "type": "string",
                  "default": null,
                  "description": "SharePoint list or library name.",
                  "x-ms-summary": "List or Library",
                  "x-ms-url-encoding": "double"
                },
                {
                  "in": "body",
                  "name": "parameters",
                  "required": true,
                  "schema": {
                    "additionalProperties": null,
                    "example": null,
                    "$ref": "#/definitions/CreateNewFolderParameters",
                    "default": null
                  },
                  "default": null,
                  "description": "Parameters to this operation passed in the body.",
                  "x-ms-summary": "Parameters to this operation passed in the body"
                },
                {
                  "x-ms-dynamic-list": {
                    "itemTitlePath": "DisplayName",
                    "itemValuePath": "Name",
                    "operationId": "GetTableViews",
                    "parameters": {
                      "dataset": {
                        "parameterReference": "dataset",
                        "value": null
                      },
                      "table": {
                        "parameterReference": "table",
                        "value": null
                      }
                    }
                  },
                  "in": "query",
                  "name": "view",
                  "required": false,
                  "type": "string",
                  "default": null,
                  "description": "Avoid column threshold issues by only using columns defined in a view.",
                  "x-ms-summary": "Limit Columns by View",
                  "x-ms-visibility": "advanced"
                }
              ],
              "produces": [
                "application/json",
                "text/json",
                "application/xml",
                "text/xml"
              ],
              "responses": {
                "200": {
                  "description": "OK",
                  "schema": {
                    "additionalProperties": {
                      "$ref": "#/definitions/Item"
                    },
                    "x-ms-dynamic-properties": {
                      "itemValuePath": "Schema/Items",
                      "operationId": "GetTable",
                      "parameters": {
                        "dataset": {
                          "parameterReference": "dataset",
                          "value": null
                        },
                        "table": {
                          "parameterReference": "table",
                          "value": null
                        },
                        "view": {
                          "parameterReference": "view",
                          "value": null
                        }
                      }
                    },
                    "example": null,
                    "type": "object",
                    "default": null
                  }
                },
                "default": {
                  "description": "Operation Failed."
                }
              },
              "summary": "Create new folder",
              "x-ms-visibility": "important"
            }
          }
        },
        "responses": {},
        "schemes": [
          "https"
        ],
        "swagger": "2.0"
      }
    }
  },
  "DynamicSchemas": {},
  "Locale": "en-AE"
}