<desktopflowbinary desktopflowbinaryid="7060f754-c804-f011-bae3-000d3a68c732">
  <data mimetype="application/octet-stream">ControlRepositoryImageFile_7396ecad-d1f5-4a77-b8b0-684e3e3ce982.png</data>
  <iscustomizable>1</iscustomizable>
  <name>Desktop flow ui element screenshot</name>
  <process>
    <workflowid>d05ff754-c804-f011-bae3-000d3a68c732</workflowid>
  </process>
  <reference>controlRepo-screenshots\b9a4675a-5266-46fa-ba9a-7dc101939b37.png</reference>
  <statecode>0</statecode>
  <statuscode>1</statuscode>
  <type>ControlRepositoryImageFile</type>
</desktopflowbinary>