<desktopflowbinary desktopflowbinaryid="dffc8203-fa04-f011-bae3-000d3ab5c6c0">
  <data mimetype="application/json">ManifestFile_dffc8203-fa04-f011-bae3-000d3ab5c6c0.json</data>
  <iscustomizable>1</iscustomizable>
  <name>Desktop flow manifest file</name>
  <process>
    <workflowid>b2fc8203-fa04-f011-bae3-000d3ab5c6c0</workflowid>
  </process>
  <reference>flow.manifest</reference>
  <statecode>0</statecode>
  <statuscode>1</statuscode>
  <type>ManifestFile</type>
</desktopflowbinary>