<desktopflowbinary desktopflowbinaryid="e2f6b7f4-7872-4312-b12a-3b21c91af501">
  <data mimetype="image/png">ControlRepositoryImageFile_e2f6b7f4-7872-4312-b12a-3b21c91af501.png</data>
  <iscustomizable>1</iscustomizable>
  <metadata>{}</metadata>
  <mimetype>image/png</mimetype>
  <name>Desktop flow ui element screenshot</name>
  <process>
    <workflowid>b2fc8203-fa04-f011-bae3-000d3ab5c6c0</workflowid>
  </process>
  <reference>controlRepo-screenshots\fea7f1c0-1267-487e-bd78-d3521b14e08d.png</reference>
  <statecode>0</statecode>
  <statuscode>1</statuscode>
  <type>ControlRepositoryImageFile</type>
</desktopflowbinary>