<desktopflowbinary desktopflowbinaryid="4f2fd5e1-ba00-f011-bae3-000d3ab5c6c0">
  <data mimetype="application/json">ManifestFile_4f2fd5e1-ba00-f011-bae3-000d3ab5c6c0.json</data>
  <iscustomizable>1</iscustomizable>
  <name>Desktop flow manifest file</name>
  <process>
    <workflowid>462fd5e1-ba00-f011-bae3-000d3ab5c6c0</workflowid>
  </process>
  <reference>flow.manifest</reference>
  <statecode>0</statecode>
  <statuscode>1</statuscode>
  <type>ManifestFile</type>
</desktopflowbinary>