<desktopflowbinary desktopflowbinaryid="3f3a5f96-e3e5-4da2-a13a-0bb7bca899de">
  <data mimetype="image/png">DesktopFlowModuleImageFile_3f3a5f96-e3e5-4da2-a13a-0bb7bca899de.png</data>
  <desktopflowmodule>
    <desktopflowmoduleid>7aab292d-e4c2-4fa9-8c3b-daa2620ad23e</desktopflowmoduleid>
  </desktopflowmodule>
  <iscustomizable>1</iscustomizable>
  <metadata>{}</metadata>
  <mimetype>image/png</mimetype>
  <name>Desktop flow module screenshot</name>
  <reference>controlRepo-screenshots\838a5036-ebb6-46e0-9813-44fd2779ae03.png</reference>
  <statecode>0</statecode>
  <statuscode>1</statuscode>
  <type>DesktopFlowModuleImageFile</type>
</desktopflowbinary>