<desktopflowbinary desktopflowbinaryid="5860f754-c804-f011-bae3-000d3a68c732">
  <data mimetype="application/json">ConnectorDefinition_e3edb18b-5185-4f2b-a538-2c0d63c1bcb2.json</data>
  <iscustomizable>1</iscustomizable>
  <name>Desktop flow connector definition</name>
  <process>
    <workflowid>d05ff754-c804-f011-bae3-000d3a68c732</workflowid>
  </process>
  <reference>/providers/Microsoft.PowerApps/apis/shared_office365</reference>
  <statecode>0</statecode>
  <statuscode>1</statuscode>
  <type>ConnectorDefinition</type>
</desktopflowbinary>