<desktopflowbinary desktopflowbinaryid="effc8203-fa04-f011-bae3-000d3ab5c6c0">
  <data mimetype="application/json">ControlRepository_f10534c5-27e3-4b51-80c8-1162dbd563e7.json</data>
  <iscustomizable>1</iscustomizable>
  <name>Desktop flow ui elements</name>
  <process>
    <workflowid>b2fc8203-fa04-f011-bae3-000d3ab5c6c0</workflowid>
  </process>
  <reference>controlRepo.appmask</reference>
  <statecode>0</statecode>
  <statuscode>1</statuscode>
  <type>ControlRepository</type>
</desktopflowbinary>