<desktopflowbinary desktopflowbinaryid="3260f754-c804-f011-bae3-000d3a68c732">
  <data mimetype="application/json">ImageRepository_c45d0fe0-4dee-4ea8-9f1e-18e7613c48c2.json</data>
  <iscustomizable>1</iscustomizable>
  <name>Desktop flow images</name>
  <process>
    <workflowid>d05ff754-c804-f011-bae3-000d3a68c732</workflowid>
  </process>
  <reference>imageRepo.imgrepo</reference>
  <statecode>0</statecode>
  <statuscode>1</statuscode>
  <type>ImageRepository</type>
</desktopflowbinary>