<desktopflowbinary desktopflowbinaryid="955774de-8d1f-46e5-87fb-728ba6611a3a">
  <data mimetype="image/png">ControlRepositoryImageFile_955774de-8d1f-46e5-87fb-728ba6611a3a.png</data>
  <iscustomizable>1</iscustomizable>
  <metadata>{}</metadata>
  <mimetype>image/png</mimetype>
  <name>Desktop flow ui element screenshot</name>
  <process>
    <workflowid>b2fc8203-fa04-f011-bae3-000d3ab5c6c0</workflowid>
  </process>
  <reference>controlRepo-screenshots\7c7b9e26-3334-4262-aa82-3d30c74ae0de.png</reference>
  <statecode>0</statecode>
  <statuscode>1</statuscode>
  <type>ControlRepositoryImageFile</type>
</desktopflowbinary>