<desktopflowbinary desktopflowbinaryid="ee658e94-0dc4-490b-92be-bf57538df518">
  <data mimetype="image/png">ControlRepositoryImageFile_ee658e94-0dc4-490b-92be-bf57538df518.png</data>
  <iscustomizable>1</iscustomizable>
  <metadata>{}</metadata>
  <mimetype>image/png</mimetype>
  <name>Desktop flow ui element screenshot</name>
  <process>
    <workflowid>b2fc8203-fa04-f011-bae3-000d3ab5c6c0</workflowid>
  </process>
  <reference>controlRepo-screenshots\c80904d2-7a92-495e-b13e-6133fba7d5fe.png</reference>
  <statecode>0</statecode>
  <statuscode>1</statuscode>
  <type>ControlRepositoryImageFile</type>
</desktopflowbinary>