<desktopflowbinary desktopflowbinaryid="672fd5e1-ba00-f011-bae3-000d3ab5c6c0">
  <data mimetype="application/json">DependenciesFile_c8121f82-06c7-45f3-9c2e-54dcb7b401f4.json</data>
  <iscustomizable>1</iscustomizable>
  <name>Desktop flow dependencies file</name>
  <process>
    <workflowid>462fd5e1-ba00-f011-bae3-000d3ab5c6c0</workflowid>
  </process>
  <reference>flow.dependencies</reference>
  <statecode>0</statecode>
  <statuscode>1</statuscode>
  <type>DependenciesFile</type>
</desktopflowbinary>