<desktopflowbinary desktopflowbinaryid="e45ff754-c804-f011-bae3-000d3a68c732">
  <data mimetype="application/octet-stream">ControlRepositoryImageSelectorFile_014c7a68-68f9-4d1d-a13c-4278c66df77c.png</data>
  <iscustomizable>1</iscustomizable>
  <name>Desktop flow ui element image-based selector</name>
  <process>
    <workflowid>d05ff754-c804-f011-bae3-000d3a68c732</workflowid>
  </process>
  <reference>controlRepo-selector\ffdc276a-0fbf-4a0f-8de7-87e9a13febce.png</reference>
  <statecode>0</statecode>
  <statuscode>1</statuscode>
  <type>ControlRepositoryImageSelectorFile</type>
</desktopflowbinary>