<desktopflowbinary desktopflowbinaryid="a30ae2c1-a625-f011-8c4d-000d3a68c732">
  <data mimetype="application/json">ControlRepository_28c69f3a-f04b-461f-bcc7-0050dbe9f5f1.json</data>
  <iscustomizable>1</iscustomizable>
  <name>Desktop flow ui elements</name>
  <process>
    <workflowid>9b0ae2c1-a625-f011-8c4d-000d3a68c732</workflowid>
  </process>
  <reference>controlRepo.appmask</reference>
  <statecode>0</statecode>
  <statuscode>1</statuscode>
  <type>ControlRepository</type>
</desktopflowbinary>