<desktopflowbinary desktopflowbinaryid="5460f754-c804-f011-bae3-000d3a68c732">
  <data mimetype="application/json">ConnectorDefinition_dad13bbf-83f8-42d8-8454-6d03ec591adc.json</data>
  <iscustomizable>1</iscustomizable>
  <name>Desktop flow connector definition</name>
  <process>
    <workflowid>d05ff754-c804-f011-bae3-000d3a68c732</workflowid>
  </process>
  <reference>/providers/Microsoft.PowerApps/apis/shared_sharepointonline</reference>
  <statecode>0</statecode>
  <statuscode>1</statuscode>
  <type>ConnectorDefinition</type>
</desktopflowbinary>