<desktopflowbinary desktopflowbinaryid="a70ae2c1-a625-f011-8c4d-000d3a68c732">
  <data mimetype="application/json">ImageRepository_557685ff-64e3-4090-a612-a4bb84887422.json</data>
  <iscustomizable>1</iscustomizable>
  <name>Desktop flow images</name>
  <process>
    <workflowid>9b0ae2c1-a625-f011-8c4d-000d3a68c732</workflowid>
  </process>
  <reference>imageRepo.imgrepo</reference>
  <statecode>0</statecode>
  <statuscode>1</statuscode>
  <type>ImageRepository</type>
</desktopflowbinary>