<ImportExportXml version="9.2.25043.214" SolutionPackageVersion="9.2" languagecode="1033" generatedBy="CrmLive" xmlns:xsi="http://www.w3.org/2001/XMLSchema-instance" OrganizationVersion="9.2.25043.214" OrganizationSchemaType="Standard" CRMServerServiceabilityVersion="9.2.25043.00214">
  <SolutionManifest>
    <UniqueName>GeamsBackup</UniqueName>
    <LocalizedNames>
      <LocalizedName description="GeamsBackup " languagecode="1033" />
    </LocalizedNames>
    <Descriptions />
    <Version>1.0.0.1</Version>
    <Managed>0</Managed>
    <Publisher>
      <UniqueName>Darwin</UniqueName>
      <LocalizedNames>
        <LocalizedName description="darwin" languagecode="1033" />
      </LocalizedNames>
      <Descriptions />
      <EMailAddress xsi:nil="true"></EMailAddress>
      <SupportingWebsiteUrl xsi:nil="true"></SupportingWebsiteUrl>
      <CustomizationPrefix>export</CustomizationPrefix>
      <CustomizationOptionValuePrefix>43092</CustomizationOptionValuePrefix>
      <Addresses>
        <Address>
          <AddressNumber>1</AddressNumber>
          <AddressTypeCode>1</AddressTypeCode>
          <City xsi:nil="true"></City>
          <County xsi:nil="true"></County>
          <Country xsi:nil="true"></Country>
          <Fax xsi:nil="true"></Fax>
          <FreightTermsCode xsi:nil="true"></FreightTermsCode>
          <ImportSequenceNumber xsi:nil="true"></ImportSequenceNumber>
          <Latitude xsi:nil="true"></Latitude>
          <Line1 xsi:nil="true"></Line1>
          <Line2 xsi:nil="true"></Line2>
          <Line3 xsi:nil="true"></Line3>
          <Longitude xsi:nil="true"></Longitude>
          <Name xsi:nil="true"></Name>
          <PostalCode xsi:nil="true"></PostalCode>
          <PostOfficeBox xsi:nil="true"></PostOfficeBox>
          <PrimaryContactName xsi:nil="true"></PrimaryContactName>
          <ShippingMethodCode>1</ShippingMethodCode>
          <StateOrProvince xsi:nil="true"></StateOrProvince>
          <Telephone1 xsi:nil="true"></Telephone1>
          <Telephone2 xsi:nil="true"></Telephone2>
          <Telephone3 xsi:nil="true"></Telephone3>
          <TimeZoneRuleVersionNumber xsi:nil="true"></TimeZoneRuleVersionNumber>
          <UPSZone xsi:nil="true"></UPSZone>
          <UTCOffset xsi:nil="true"></UTCOffset>
          <UTCConversionTimeZoneCode xsi:nil="true"></UTCConversionTimeZoneCode>
        </Address>
        <Address>
          <AddressNumber>2</AddressNumber>
          <AddressTypeCode>1</AddressTypeCode>
          <City xsi:nil="true"></City>
          <County xsi:nil="true"></County>
          <Country xsi:nil="true"></Country>
          <Fax xsi:nil="true"></Fax>
          <FreightTermsCode xsi:nil="true"></FreightTermsCode>
          <ImportSequenceNumber xsi:nil="true"></ImportSequenceNumber>
          <Latitude xsi:nil="true"></Latitude>
          <Line1 xsi:nil="true"></Line1>
          <Line2 xsi:nil="true"></Line2>
          <Line3 xsi:nil="true"></Line3>
          <Longitude xsi:nil="true"></Longitude>
          <Name xsi:nil="true"></Name>
          <PostalCode xsi:nil="true"></PostalCode>
          <PostOfficeBox xsi:nil="true"></PostOfficeBox>
          <PrimaryContactName xsi:nil="true"></PrimaryContactName>
          <ShippingMethodCode>1</ShippingMethodCode>
          <StateOrProvince xsi:nil="true"></StateOrProvince>
          <Telephone1 xsi:nil="true"></Telephone1>
          <Telephone2 xsi:nil="true"></Telephone2>
          <Telephone3 xsi:nil="true"></Telephone3>
          <TimeZoneRuleVersionNumber xsi:nil="true"></TimeZoneRuleVersionNumber>
          <UPSZone xsi:nil="true"></UPSZone>
          <UTCOffset xsi:nil="true"></UTCOffset>
          <UTCConversionTimeZoneCode xsi:nil="true"></UTCConversionTimeZoneCode>
        </Address>
      </Addresses>
    </Publisher>
    <RootComponents>
      <RootComponent type="29" id="{1bcf6005-0e90-4efb-a4e0-fd108050778c}" behavior="0" />
      <RootComponent type="29" id="{22c702ee-a234-f011-8c4d-000d3ab5c6c0}" behavior="0" />
      <RootComponent type="29" id="{462fd5e1-ba00-f011-bae3-000d3ab5c6c0}" behavior="0" />
      <RootComponent type="29" id="{6a195df7-bc24-f011-8c4d-000d3a68c732}" behavior="0" />
      <RootComponent type="29" id="{9b0ae2c1-a625-f011-8c4d-000d3a68c732}" behavior="0" />
      <RootComponent type="29" id="{b2fc8203-fa04-f011-bae3-000d3ab5c6c0}" behavior="0" />
      <RootComponent type="29" id="{d05ff754-c804-f011-bae3-000d3a68c732}" behavior="0" />
    </RootComponents>
    <MissingDependencies>
      <MissingDependency>
        <Required type="connectionreference" displayName="Cr6e781_shared_office365_19078b207da64b9c9670ddf2e3faa3c6" solution="MOEandSPEaProductionSolution (1.0.0.1)" id.connectionreferencelogicalname="Cr6e781_shared_office365_19078b207da64b9c9670ddf2e3faa3c6" />
        <Dependent type="29" displayName="SPEA Process V1.5 -Asian School" id="{9b0ae2c1-a625-f011-8c4d-000d3a68c732}" />
      </MissingDependency>
      <MissingDependency>
        <Required type="connectionreference" displayName="Cr6e781_shared_office365_19078b207da64b9c9670ddf2e3faa3c6" solution="MOEandSPEaProductionSolution (1.0.0.1)" id.connectionreferencelogicalname="Cr6e781_shared_office365_19078b207da64b9c9670ddf2e3faa3c6" />
        <Dependent type="29" displayName="MOE Process V1.5" id="{b2fc8203-fa04-f011-bae3-000d3ab5c6c0}" />
      </MissingDependency>
      <MissingDependency>
        <Required type="connectionreference" displayName="Cr6e781_shared_office365_19078b207da64b9c9670ddf2e3faa3c6" solution="MOEandSPEaProductionSolution (1.0.0.1)" id.connectionreferencelogicalname="Cr6e781_shared_office365_19078b207da64b9c9670ddf2e3faa3c6" />
        <Dependent type="29" displayName="SPEA Process V1.5" id="{d05ff754-c804-f011-bae3-000d3a68c732}" />
      </MissingDependency>
      <MissingDependency>
        <Required type="connectionreference" displayName="Cr6e781_shared_sharepointonline_aa69ce80e88641d5b56b03f8171be6d4" solution="MOEandSPEaProductionSolution (1.0.0.1)" id.connectionreferencelogicalname="Cr6e781_shared_sharepointonline_aa69ce80e88641d5b56b03f8171be6d4" />
        <Dependent type="29" displayName="SPEA Process V1.5 -Asian School" id="{9b0ae2c1-a625-f011-8c4d-000d3a68c732}" />
      </MissingDependency>
      <MissingDependency>
        <Required type="connectionreference" displayName="Cr6e781_shared_sharepointonline_aa69ce80e88641d5b56b03f8171be6d4" solution="MOEandSPEaProductionSolution (1.0.0.1)" id.connectionreferencelogicalname="Cr6e781_shared_sharepointonline_aa69ce80e88641d5b56b03f8171be6d4" />
        <Dependent type="29" displayName="MOE Process V1.5" id="{b2fc8203-fa04-f011-bae3-000d3ab5c6c0}" />
      </MissingDependency>
      <MissingDependency>
        <Required type="connectionreference" displayName="Cr6e781_shared_sharepointonline_aa69ce80e88641d5b56b03f8171be6d4" solution="MOEandSPEaProductionSolution (1.0.0.1)" id.connectionreferencelogicalname="Cr6e781_shared_sharepointonline_aa69ce80e88641d5b56b03f8171be6d4" />
        <Dependent type="29" displayName="SPEA Process V1.5" id="{d05ff754-c804-f011-bae3-000d3a68c732}" />
      </MissingDependency>
    </MissingDependencies>
  </SolutionManifest>
</ImportExportXml>