<desktopflowbinary desktopflowbinaryid="902fd5e1-ba00-f011-bae3-000d3ab5c6c0">
  <data mimetype="application/json">ControlRepository_0c25b2ad-c7b2-459c-9638-ff8af8a3fcbc.json</data>
  <iscustomizable>1</iscustomizable>
  <name>Desktop flow ui elements</name>
  <process>
    <workflowid>462fd5e1-ba00-f011-bae3-000d3ab5c6c0</workflowid>
  </process>
  <reference>controlRepo.appmask</reference>
  <statecode>0</statecode>
  <statuscode>1</statuscode>
  <type>ControlRepository</type>
</desktopflowbinary>