<desktopflowbinary desktopflowbinaryid="5db8522b-4343-4b58-b66e-69947524db49">
  <data mimetype="image/png">DesktopFlowModuleImageFile_5db8522b-4343-4b58-b66e-69947524db49.png</data>
  <desktopflowmodule>
    <desktopflowmoduleid>7aab292d-e4c2-4fa9-8c3b-daa2620ad23e</desktopflowmoduleid>
  </desktopflowmodule>
  <iscustomizable>1</iscustomizable>
  <metadata>{}</metadata>
  <mimetype>image/png</mimetype>
  <name>Desktop flow module screenshot</name>
  <reference>controlRepo-screenshots\be6cc03c-12f2-4667-9ecb-5cdb08c7143c.png</reference>
  <statecode>0</statecode>
  <statuscode>1</statuscode>
  <type>DesktopFlowModuleImageFile</type>
</desktopflowbinary>