<desktopflowbinary desktopflowbinaryid="9260f754-c804-f011-bae3-000d3a68c732">
  <data mimetype="application/octet-stream">ControlRepositoryImageFile_84eed22a-88be-4363-b137-8246baac6e12.png</data>
  <iscustomizable>1</iscustomizable>
  <name>Desktop flow ui element screenshot</name>
  <process>
    <workflowid>d05ff754-c804-f011-bae3-000d3a68c732</workflowid>
  </process>
  <reference>controlRepo-screenshots\01c4fd55-23d0-4892-8468-0f18e3130b7b.png</reference>
  <statecode>0</statecode>
  <statuscode>1</statuscode>
  <type>ControlRepositoryImageFile</type>
</desktopflowbinary>