<desktopflowbinary desktopflowbinaryid="1d518df3-917d-493d-aa59-64cd22c54a35">
  <data mimetype="image/png">DesktopFlowModuleImageFile_1d518df3-917d-493d-aa59-64cd22c54a35.png</data>
  <desktopflowmodule>
    <desktopflowmoduleid>7aab292d-e4c2-4fa9-8c3b-daa2620ad23e</desktopflowmoduleid>
  </desktopflowmodule>
  <iscustomizable>1</iscustomizable>
  <metadata>{}</metadata>
  <mimetype>image/png</mimetype>
  <name>Desktop flow module screenshot</name>
  <reference>controlRepo-screenshots\a11dfece-93e0-4cd3-a317-59503f3121c1.png</reference>
  <statecode>0</statecode>
  <statuscode>1</statuscode>
  <type>DesktopFlowModuleImageFile</type>
</desktopflowbinary>