<desktopflowbinary desktopflowbinaryid="dac6b083-6344-41f0-bc84-3cf1d7e58ee6">
  <data mimetype="application/json">ImageRepository_785de135-299c-459c-abec-2c0c9392b86b.json</data>
  <iscustomizable>1</iscustomizable>
  <metadata>{}</metadata>
  <mimetype>application/json</mimetype>
  <name>Desktop flow images</name>
  <process>
    <workflowid>1bcf6005-0e90-4efb-a4e0-fd108050778c</workflowid>
  </process>
  <reference>imageRepo.imgrepo</reference>
  <statecode>0</statecode>
  <statuscode>1</statuscode>
  <type>ImageRepository</type>
</desktopflowbinary>