<desktopflowbinary desktopflowbinaryid="214df605-771d-4f8d-ba66-a6cce8b963e4">
  <data mimetype="image/png">ControlRepositoryImageFile_214df605-771d-4f8d-ba66-a6cce8b963e4.png</data>
  <iscustomizable>1</iscustomizable>
  <metadata>{}</metadata>
  <mimetype>image/png</mimetype>
  <name>Desktop flow ui element screenshot</name>
  <process>
    <workflowid>1bcf6005-0e90-4efb-a4e0-fd108050778c</workflowid>
  </process>
  <reference>controlRepo-screenshots\d657ad83-46bb-43b1-9fee-55da0aada4b9.png</reference>
  <statecode>0</statecode>
  <statuscode>1</statuscode>
  <type>ControlRepositoryImageFile</type>
</desktopflowbinary>