<desktopflowbinary desktopflowbinaryid="e7fc8203-fa04-f011-bae3-000d3ab5c6c0">
  <data mimetype="application/json">ImageRepository_0fb6b4fc-973b-4cbe-a16a-1e847d8fc5b7.json</data>
  <iscustomizable>1</iscustomizable>
  <name>Desktop flow images</name>
  <process>
    <workflowid>b2fc8203-fa04-f011-bae3-000d3ab5c6c0</workflowid>
  </process>
  <reference>imageRepo.imgrepo</reference>
  <statecode>0</statecode>
  <statuscode>1</statuscode>
  <type>ImageRepository</type>
</desktopflowbinary>