<desktopflowbinary desktopflowbinaryid="ebfc8203-fa04-f011-bae3-000d3ab5c6c0">
  <data mimetype="application/json">DependenciesFile_dc168ad6-ec57-4412-8f91-e8aa482b1c0a.json</data>
  <iscustomizable>1</iscustomizable>
  <name>Desktop flow dependencies file</name>
  <process>
    <workflowid>b2fc8203-fa04-f011-bae3-000d3ab5c6c0</workflowid>
  </process>
  <reference>flow.dependencies</reference>
  <statecode>0</statecode>
  <statuscode>1</statuscode>
  <type>DependenciesFile</type>
</desktopflowbinary>