<desktopflowbinary desktopflowbinaryid="172f701d-6589-4a9f-b4ab-8baa80a6b1aa">
  <data mimetype="image/png">ControlRepositoryImageFile_172f701d-6589-4a9f-b4ab-8baa80a6b1aa.png</data>
  <iscustomizable>1</iscustomizable>
  <metadata>{}</metadata>
  <mimetype>image/png</mimetype>
  <name>Desktop flow ui element screenshot</name>
  <process>
    <workflowid>b2fc8203-fa04-f011-bae3-000d3ab5c6c0</workflowid>
  </process>
  <reference>controlRepo-screenshots\6e7375f1-1189-4c5e-b559-a77aa6ef792d.png</reference>
  <statecode>0</statecode>
  <statuscode>1</statuscode>
  <type>ControlRepositoryImageFile</type>
</desktopflowbinary>