<desktopflowbinary desktopflowbinaryid="70195df7-bc24-f011-8c4d-000d3a68c732">
  <data mimetype="application/json">DependenciesFile_7a816b03-d137-4fa7-934e-bb4d9fdb305b.json</data>
  <iscustomizable>1</iscustomizable>
  <name>Desktop flow dependencies file</name>
  <process>
    <workflowid>6a195df7-bc24-f011-8c4d-000d3a68c732</workflowid>
  </process>
  <reference>flow.dependencies</reference>
  <statecode>0</statecode>
  <statuscode>1</statuscode>
  <type>DependenciesFile</type>
</desktopflowbinary>