<desktopflowbinary desktopflowbinaryid="74195df7-bc24-f011-8c4d-000d3a68c732">
  <data mimetype="application/json">ConnectorDefinition_0a0eaf78-4483-403e-a65d-f7549dd06751.json</data>
  <iscustomizable>1</iscustomizable>
  <name>Desktop flow connector definition</name>
  <process>
    <workflowid>6a195df7-bc24-f011-8c4d-000d3a68c732</workflowid>
  </process>
  <reference>/providers/Microsoft.PowerApps/apis/shared_office365</reference>
  <statecode>0</statecode>
  <statuscode>1</statuscode>
  <type>ConnectorDefinition</type>
</desktopflowbinary>