<desktopflowbinary desktopflowbinaryid="3b0b0858-a16b-4afe-82c9-d755b727816e">
  <data mimetype="application/json">ConnectorDefinition_0f62c21a-9b58-4ab2-b521-a296f3a6d326.json</data>
  <iscustomizable>1</iscustomizable>
  <metadata>{}</metadata>
  <mimetype>application/json</mimetype>
  <name>Desktop flow connector definition</name>
  <process>
    <workflowid>1bcf6005-0e90-4efb-a4e0-fd108050778c</workflowid>
  </process>
  <reference>/providers/Microsoft.PowerApps/apis/shared_office365</reference>
  <statecode>0</statecode>
  <statuscode>1</statuscode>
  <type>ConnectorDefinition</type>
</desktopflowbinary>