<desktopflowbinary desktopflowbinaryid="bb0ae2c1-a625-f011-8c4d-000d3a68c732">
  <data mimetype="application/octet-stream">ControlRepositoryImageFile_f71b80f2-b959-423f-8a1d-9f5d7eae4318.png</data>
  <iscustomizable>1</iscustomizable>
  <name>Desktop flow ui element screenshot</name>
  <process>
    <workflowid>9b0ae2c1-a625-f011-8c4d-000d3a68c732</workflowid>
  </process>
  <reference>controlRepo-screenshots\589ef5d7-86f9-45b0-80ee-118ffe5a2596.png</reference>
  <statecode>0</statecode>
  <statuscode>1</statuscode>
  <type>ControlRepositoryImageFile</type>
</desktopflowbinary>