<desktopflowbinary desktopflowbinaryid="3b2c2eee-cd9b-4edc-8f4c-c1bd3d1c4363">
  <data mimetype="image/png">ControlRepositoryImageFile_3b2c2eee-cd9b-4edc-8f4c-c1bd3d1c4363.png</data>
  <iscustomizable>1</iscustomizable>
  <metadata>{}</metadata>
  <mimetype>image/png</mimetype>
  <name>Desktop flow ui element screenshot</name>
  <process>
    <workflowid>b2fc8203-fa04-f011-bae3-000d3ab5c6c0</workflowid>
  </process>
  <reference>controlRepo-screenshots\9492943d-e1e1-448a-93cf-3ca4da114e38.png</reference>
  <statecode>0</statecode>
  <statuscode>1</statuscode>
  <type>ControlRepositoryImageFile</type>
</desktopflowbinary>