<desktopflowbinary desktopflowbinaryid="9c2fd5e1-ba00-f011-bae3-000d3ab5c6c0">
  <data mimetype="application/octet-stream">ControlRepositoryImageSelectorFile_57141dd9-f663-40db-8598-f233a144eb9d.png</data>
  <iscustomizable>1</iscustomizable>
  <name>Desktop flow ui element image-based selector</name>
  <process>
    <workflowid>462fd5e1-ba00-f011-bae3-000d3ab5c6c0</workflowid>
  </process>
  <reference>controlRepo-selector\bcf445f5-a680-4a52-9d85-e50ddd9bf8a5.png</reference>
  <statecode>0</statecode>
  <statuscode>1</statuscode>
  <type>ControlRepositoryImageSelectorFile</type>
</desktopflowbinary>