<desktopflowbinary desktopflowbinaryid="ab0ae2c1-a625-f011-8c4d-000d3a68c732">
  <data mimetype="application/json">ConnectorDefinition_d340b326-c3ac-4269-8a1f-a59708be7e9d.json</data>
  <iscustomizable>1</iscustomizable>
  <name>Desktop flow connector definition</name>
  <process>
    <workflowid>9b0ae2c1-a625-f011-8c4d-000d3a68c732</workflowid>
  </process>
  <reference>/providers/Microsoft.PowerApps/apis/shared_sharepointonline</reference>
  <statecode>0</statecode>
  <statuscode>1</statuscode>
  <type>ConnectorDefinition</type>
</desktopflowbinary>