<desktopflowbinary desktopflowbinaryid="f66010e9-75ff-48ee-bfb0-860a8f5a2961">
  <data mimetype="image/png">ControlRepositoryImageFile_f66010e9-75ff-48ee-bfb0-860a8f5a2961.png</data>
  <iscustomizable>1</iscustomizable>
  <metadata>{}</metadata>
  <mimetype>image/png</mimetype>
  <name>Desktop flow ui element screenshot</name>
  <process>
    <workflowid>b2fc8203-fa04-f011-bae3-000d3ab5c6c0</workflowid>
  </process>
  <reference>controlRepo-screenshots\21aa2b70-4c9e-4f9c-91fe-e347d6144302.png</reference>
  <statecode>0</statecode>
  <statuscode>1</statuscode>
  <type>ControlRepositoryImageFile</type>
</desktopflowbinary>