<desktopflowbinary desktopflowbinaryid="f83d457d-eb21-41ea-b3be-0c144cc2d059">
  <data mimetype="image/png">ControlRepositoryImageFile_f83d457d-eb21-41ea-b3be-0c144cc2d059.png</data>
  <iscustomizable>1</iscustomizable>
  <metadata>{}</metadata>
  <mimetype>image/png</mimetype>
  <name>Desktop flow ui element screenshot</name>
  <process>
    <workflowid>b2fc8203-fa04-f011-bae3-000d3ab5c6c0</workflowid>
  </process>
  <reference>controlRepo-screenshots\c291934d-2154-4c6a-8193-8d71d38f3da2.png</reference>
  <statecode>0</statecode>
  <statuscode>1</statuscode>
  <type>ControlRepositoryImageFile</type>
</desktopflowbinary>