<desktopflowbinary desktopflowbinaryid="494e3dbc-802c-4851-b407-441ab8d05b6f">
  <data mimetype="image/png">DesktopFlowModuleImageFile_494e3dbc-802c-4851-b407-441ab8d05b6f.png</data>
  <desktopflowmodule>
    <desktopflowmoduleid>7aab292d-e4c2-4fa9-8c3b-daa2620ad23e</desktopflowmoduleid>
  </desktopflowmodule>
  <iscustomizable>1</iscustomizable>
  <metadata>{}</metadata>
  <mimetype>image/png</mimetype>
  <name>Desktop flow module screenshot</name>
  <reference>controlRepo-screenshots\6c90bc09-6430-4f45-8fc6-20fe57d06a6b.png</reference>
  <statecode>0</statecode>
  <statuscode>1</statuscode>
  <type>DesktopFlowModuleImageFile</type>
</desktopflowbinary>