<desktopflowbinary desktopflowbinaryid="612fd5e1-ba00-f011-bae3-000d3ab5c6c0">
  <data mimetype="application/json">ConnectorDefinition_4e80922a-7b24-48e6-a47b-b1999f878074.json</data>
  <iscustomizable>1</iscustomizable>
  <name>Desktop flow connector definition</name>
  <process>
    <workflowid>462fd5e1-ba00-f011-bae3-000d3ab5c6c0</workflowid>
  </process>
  <reference>/providers/Microsoft.PowerApps/apis/shared_office365</reference>
  <statecode>0</statecode>
  <statuscode>1</statuscode>
  <type>ConnectorDefinition</type>
</desktopflowbinary>