<desktopflowbinary desktopflowbinaryid="e5f8104a-4639-4ff5-a1b6-8ae0c95b43b8">
  <data mimetype="image/png">ControlRepositoryImageFile_e5f8104a-4639-4ff5-a1b6-8ae0c95b43b8.png</data>
  <iscustomizable>1</iscustomizable>
  <metadata>{}</metadata>
  <mimetype>image/png</mimetype>
  <name>Desktop flow ui element screenshot</name>
  <process>
    <workflowid>1bcf6005-0e90-4efb-a4e0-fd108050778c</workflowid>
  </process>
  <reference>controlRepo-screenshots\e5865392-20af-4ec2-a71f-c98b45f92ef7.png</reference>
  <statecode>0</statecode>
  <statuscode>1</statuscode>
  <type>ControlRepositoryImageFile</type>
</desktopflowbinary>