<desktopflowbinary desktopflowbinaryid="cbfc8203-fa04-f011-bae3-000d3ab5c6c0">
  <data mimetype="application/json">ConnectorDefinition_6d86d7d2-a338-47c5-aa88-eef28c14de97.json</data>
  <iscustomizable>1</iscustomizable>
  <name>Desktop flow connector definition</name>
  <process>
    <workflowid>b2fc8203-fa04-f011-bae3-000d3ab5c6c0</workflowid>
  </process>
  <reference>/providers/Microsoft.PowerApps/apis/shared_office365</reference>
  <statecode>0</statecode>
  <statuscode>1</statuscode>
  <type>ConnectorDefinition</type>
</desktopflowbinary>