<desktopflowbinary desktopflowbinaryid="692fd5e1-ba00-f011-bae3-000d3ab5c6c0">
  <data mimetype="application/json">ConnectorDefinition_fc81bff7-886c-43ae-9ef8-9afe73e62f94.json</data>
  <iscustomizable>1</iscustomizable>
  <name>Desktop flow connector definition</name>
  <process>
    <workflowid>462fd5e1-ba00-f011-bae3-000d3ab5c6c0</workflowid>
  </process>
  <reference>/providers/Microsoft.PowerApps/apis/shared_sharepointonline</reference>
  <statecode>0</statecode>
  <statuscode>1</statuscode>
  <type>ConnectorDefinition</type>
</desktopflowbinary>