<desktopflowbinary desktopflowbinaryid="ad0ae2c1-a625-f011-8c4d-000d3a68c732">
  <data mimetype="application/json">ConnectorDefinition_2e8e0957-24ab-49e0-a3bf-3c329b5cc625.json</data>
  <iscustomizable>1</iscustomizable>
  <name>Desktop flow connector definition</name>
  <process>
    <workflowid>9b0ae2c1-a625-f011-8c4d-000d3a68c732</workflowid>
  </process>
  <reference>/providers/Microsoft.PowerApps/apis/shared_office365</reference>
  <statecode>0</statecode>
  <statuscode>1</statuscode>
  <type>ConnectorDefinition</type>
</desktopflowbinary>